time,actual_roll,actual_pitch,actual_yaw,estimated_roll,estimated_pitch,estimated_yaw,reference_roll,reference_pitch,reference_yawrate,m1,m2,m3,m4,l1,l2,l3,l4
0.001000,0.000000,0.000000,0.000000,0.000000,0.000000,0.000000,0.000000,0.000000,0.000000,0.000000,0.000000,0.000000,0.000000,0.000000,0.000000,0.000000,0.000000
0.050000,0.432873,0.138021,-0.000057,0.012553,-0.795770,0.000000,5.000000,0.000000,0.000000,45.450523,45.403220,46.100557,46.150912,0.264870,-0.000023,4.000000,0.000000
0.100000,1.555585,0.266796,-0.000212,1.742551,-0.554354,0.000000,9.000000,0.000000,0.000000,45.441367,45.465782,46.108186,46.089876,0.264870,-0.000029,8.000000,0.000000
0.150000,2.899995,0.362683,-0.000392,3.335754,-0.299202,0.000000,7.000000,0.000000,0.000000,46.407263,46.330968,45.142290,45.223163,0.264870,-0.000033,8.000000,0.000000
0.200000,3.278100,0.395071,-0.000440,3.650850,-0.143490,0.000000,3.000000,0.000000,0.000000,45.668727,45.651942,45.883879,45.900664,0.264870,0.000004,4.000000,0.000000
0.250000,2.872186,0.424917,-0.000431,3.082759,-0.228107,0.000000,1.000000,0.000000,0.000000,44.971389,45.120928,46.581216,46.431678,0.264870,0.000005,1.000000,0.000000
0.300000,2.795238,0.463093,-0.000424,3.107657,-0.048644,0.000000,5.000000,0.000000,0.000000,45.410849,45.304036,46.141756,46.248569,0.264870,-0.000001,5.000000,0.000000
0.350000,3.544410,0.468267,-0.000438,3.600498,0.000737,0.000000,10.000000,0.000000,0.000000,45.497826,45.316243,46.054780,46.236362,0.264870,-0.000004,9.000000,0.000000
0.399000,4.484232,0.467281,-0.000441,4.587712,0.032310,0.000000,6.000000,0.000000,0.000000,46.240940,46.227207,45.311666,45.325399,0.264870,-0.000002,7.000000,0.000000
0.449000,4.501660,0.435752,-0.000449,4.470754,0.222604,0.000000,2.000000,0.000000,0.000000,46.271458,46.256199,45.281147,45.296407,0.264870,-0.000003,3.000000,0.000000
0.499000,3.799469,0.458303,-0.000470,3.553370,0.200980,0.000000,0.000000,2.000000,0.000000,45.845731,45.656519,45.706874,45.896086,0.264870,0.000012,0.000000,0.000000
0.549000,3.117669,1.070814,-0.000121,2.872576,0.842545,0.000000,0.000000,6.000000,0.000000,45.159075,46.176852,46.401160,45.368124,0.264870,0.000110,0.000000,0.000000
0.599000,2.574497,2.290824,0.000606,2.280899,2.309892,0.000000,0.000000,10.000000,0.000000,45.322347,46.208896,46.242466,45.331502,0.264870,0.000161,0.000000,0.000000
0.649000,2.175579,3.269272,0.001270,1.515239,3.937073,0.000000,0.000000,5.000000,0.000000,46.608682,44.838636,44.950027,46.707866,0.264870,0.000083,0.000000,0.000000
0.699000,1.856138,3.266808,0.001388,1.430511,3.607571,0.000000,0.000000,1.000000,0.000000,46.323339,45.241474,45.229267,46.311131,0.264870,0.000000,0.000000,0.000000
0.749000,1.587251,2.812780,0.001266,1.128618,2.852691,0.000000,0.000000,3.000000,0.000000,44.988174,46.523232,46.562905,45.030900,0.264870,-0.000028,0.000000,0.000000
0.799000,1.378692,3.121231,0.001280,0.818493,3.210344,0.000000,0.000000,7.000000,0.000000,45.969329,45.587854,45.584802,45.963226,0.264870,0.000015,0.000000,0.000000
0.849000,1.212489,4.039893,0.001442,0.696817,4.277386,0.000000,0.000000,9.000000,0.000000,46.681926,44.820325,44.873732,46.729229,0.264870,0.000046,0.000000,0.000000
0.899000,1.079580,4.579496,0.001578,0.784521,4.638299,0.000000,0.000000,5.000000,0.000000,46.388952,45.226215,45.165179,46.324865,0.264870,0.000014,0.000000,0.000000
0.949000,0.935258,4.278127,0.001569,0.693064,4.605157,0.000000,0.000000,0.000000,0.000000,46.343175,45.217060,45.209430,46.335546,0.264870,-0.000009,0.000000,0.000000
0.999000,1.041116,3.681402,0.001517,0.524397,3.825873,0.000000,4.000000,4.000000,0.000000,44.637217,46.013581,46.915389,45.539025,0.264870,0.000006,3.000000,0.000000
1.049000,1.920754,3.947712,0.001368,1.830159,4.168143,0.000000,8.000000,8.000000,0.000000,44.908827,46.019684,46.637675,45.539025,0.264870,-0.000086,7.000000,0.000000
1.099000,3.232478,4.794300,0.000232,3.559817,5.059538,0.000000,8.000000,8.000000,0.000000,45.740444,45.883879,45.789273,45.691615,0.264870,-0.000286,9.000000,0.000000
1.149000,3.756545,4.992700,-0.000393,4.037841,5.747750,0.000000,4.000000,4.000000,0.000000,46.909285,45.656519,44.640269,45.899138,0.264870,-0.000032,4.000000,0.000000
1.199000,3.418013,4.376376,-0.000563,3.458925,5.099871,0.000000,0.000000,0.000000,0.000000,46.689555,45.619898,44.856947,45.938811,0.264870,-0.000073,0.000000,0.000000
1.249000,2.393605,3.481062,-0.001510,2.361843,3.923970,0.000000,-5.000000,0.000000,0.000000,45.821317,46.306554,45.714504,45.261311,0.264870,-0.000239,-4.000000,0.000000
1.299000,0.774690,2.793379,-0.002850,0.438810,2.825457,0.000000,-9.000000,0.000000,0.000000,45.961700,46.242466,45.572595,45.329976,0.264870,-0.000264,-8.000000,0.000000
1.349000,-1.254819,2.269200,-0.004152,-1.727226,2.398051,0.000000,-13.000000,0.000000,0.000000,46.150912,46.160067,45.383383,45.410849,0.264870,-0.000258,-12.000000,0.000000
1.399000,-3.652639,1.828816,-0.005467,-4.385359,2.010762,0.000000,-17.000000,0.000000,0.000000,45.464256,45.563439,46.070039,46.009003,0.264870,-0.000262,-16.000000,0.000000
1.449000,-6.278398,1.449211,-0.006724,-7.584971,1.576084,0.000000,-19.000000,0.000000,0.000000,44.609751,44.852369,46.923018,46.718547,0.264870,-0.000249,-19.000000,0.000000
1.499000,-8.092786,1.161749,-0.007603,-9.472261,1.291794,0.000000,-15.000000,0.000000,0.000000,45.326925,45.282673,46.216526,46.279088,0.264870,-0.000116,-15.000000,0.000000
1.549000,-8.784816,0.928258,-0.007909,-9.889440,0.925892,0.000000,-10.000000,0.000000,0.000000,45.194171,45.380331,46.356909,46.175326,0.264870,-0.000035,-11.000000,0.000000
1.598000,-8.627500,0.764192,-0.007957,-9.424656,0.864334,0.000000,-6.000000,0.000000,0.000000,45.365072,45.430686,46.187533,46.121920,0.264870,-0.000001,-7.000000,0.000000
1.648000,-7.755365,0.590287,-0.007837,-7.992830,0.974747,0.000000,-2.000000,0.000000,0.000000,45.540551,45.442893,46.013581,46.108186,0.264870,0.000040,-3.000000,0.000000
1.698000,-6.466851,0.407767,-0.007577,-6.435339,0.762132,0.000000,-2.000000,0.000000,0.000000,45.806058,45.697719,45.751125,45.850309,0.264870,0.000052,-1.000000,0.000000
1.748000,-5.970061,0.266139,-0.007418,-6.027923,0.448345,0.000000,-6.000000,0.000000,0.000000,46.147860,46.202792,45.406271,45.349813,0.264870,0.000014,-6.000000,0.000000
1.797000,-6.314309,0.211040,-0.007425,-6.273107,-0.056779,0.000000,-10.000000,0.000000,0.000000,46.167697,46.240940,45.383383,45.311666,0.264870,-0.000005,-10.000000,0.000000
1.847000,-7.402553,0.222471,-0.007413,-7.514762,0.050856,0.000000,-15.000000,0.000000,0.000000,46.163119,46.080720,45.389487,45.470359,0.264870,0.000002,-14.000000,0.000000
1.897000,-9.065621,0.214799,-0.007425,-9.228166,-0.008656,0.000000,-19.000000,0.000000,0.000000,45.978485,45.856413,45.574121,45.697719,0.264870,-0.000002,-18.000000,0.000000
1.947000,-10.916840,0.213183,-0.007439,-11.418063,-0.019501,0.000000,-17.000000,0.000000,0.000000,45.162127,45.088884,46.390478,46.463722,0.264870,-0.000002,-18.000000,0.000000
1.997000,-11.668675,0.203734,-0.007452,-12.219135,0.117101,0.000000,-13.000000,0.000000,0.000000,45.886931,45.804532,45.665675,45.748074,0.264870,-0.000001,-14.000000,0.000000
2.047000,-11.465171,0.177834,-0.007451,-12.148637,0.084949,0.000000,-9.000000,0.000000,0.000000,45.339132,45.410849,46.213474,46.141756,0.264870,0.000006,-9.000000,0.000000
2.097000,-10.535328,0.158120,-0.007432,-11.075770,0.287644,0.000000,-5.000000,0.000000,0.000000,45.581750,45.471885,45.970855,46.079194,0.264870,0.000002,-5.000000,0.000000
2.147000,-9.024676,0.087665,-0.007326,-9.209150,0.292031,0.000000,0.000000,0.000000,0.000000,45.442893,45.549706,46.112764,46.001373,0.264870,0.000033,-1.000000,0.000000
2.197000,-7.314567,-0.180377,-0.006975,-7.259909,0.063806,0.000000,0.000000,-4.000000,0.000000,46.511025,45.389487,45.049210,46.155489,0.264870,0.000116,0.000000,0.000000
2.247000,-5.948105,-1.167604,-0.005606,-5.735398,-1.014148,0.000000,0.000000,-8.000000,0.000000,46.475929,45.246052,45.101091,46.282139,0.264870,0.000349,0.000000,0.000000
2.297000,-4.856506,-2.710914,-0.003629,-4.538105,-2.897015,0.000000,0.000000,-12.000000,0.000000,45.406271,46.401160,46.176852,45.120928,0.264870,0.000431,0.000000,0.000000
2.347000,-3.991041,-4.626127,-0.001597,-3.692637,-5.353761,0.000000,0.000000,-16.000000,0.000000,46.178378,45.395590,45.403220,46.128023,0.264870,0.000404,0.000000,0.000000
2.397000,-3.310506,-6.827551,0.000310,-2.952579,-7.907050,0.000000,0.000000,-20.000000,0.000000,46.102083,45.523766,45.476463,46.002899,0.264870,0.000360,0.000000,0.000000
2.447000,-2.780098,-8.612627,0.001771,-2.144664,-10.325908,0.000000,0.000000,-15.000000,0.000000,45.041581,46.619364,46.527810,44.916457,0.264870,0.000197,0.000000,0.000000
2.497000,-2.384597,-9.291074,0.002326,-1.510226,-10.535356,0.000000,0.000000,-11.000000,0.000000,45.246052,46.474403,46.312657,45.073625,0.264870,0.000059,0.000000,0.000000
2.547000,-2.114161,-9.145398,0.002375,-1.098250,-10.345126,0.000000,0.000000,-7.000000,0.000000,45.128557,46.483558,46.422522,45.069047,0.264870,-0.000013,0.000000,0.000000
2.597000,-1.896271,-8.289896,0.002209,-1.175548,-9.135411,0.000000,0.000000,-3.000000,0.000000,46.009003,45.503929,45.540551,46.051728,0.264870,-0.000046,0.000000,0.000000
2.647000,-1.699534,-6.958435,0.001904,-0.750492,-7.332187,0.000000,0.000000,-1.000000,0.000000,46.639200,44.907301,44.908827,46.649882,0.264870,-0.000066,0.000000,0.000000
2.697000,-1.549560,-6.143100,0.001673,-0.855831,-6.186662,0.000000,0.000000,-5.000000,0.000000,46.459144,44.936294,45.090410,46.617838,0.264870,-0.000028,0.000000,0.000000
2.747000,-1.407443,-6.289828,0.001667,-0.494117,-6.273135,0.000000,0.000000,-10.000000,0.000000,46.291295,45.217060,45.262837,46.334020,0.264870,0.000010,0.000000,0.000000
2.797000,-1.304862,-7.146561,0.001739,-0.542066,-7.290985,0.000000,0.000000,-14.000000,0.000000,46.289769,45.319295,45.264363,46.231785,0.264870,0.000018,0.000000,0.000000
2.847000,-1.222097,-8.580098,0.001870,-0.523922,-9.441428,0.000000,0.000000,-18.000000,0.000000,46.179904,45.317769,45.374228,46.233310,0.264870,0.000033,0.000000,0.000000
2.897000,-1.120699,-10.299207,0.002071,-0.554276,-11.253411,0.000000,0.000000,-18.000000,0.000000,45.491722,46.092927,46.063935,45.456626,0.264870,0.000043,0.000000,0.000000
2.947000,-1.021617,-11.225426,0.002239,-0.556101,-12.184787,0.000000,0.000000,-14.000000,0.000000,45.030900,46.393530,46.523232,45.157549,0.264870,0.000023,0.000000,0.000000
2.997000,-0.898162,-11.254613,0.002291,-0.527589,-11.970510,0.000000,0.000000,-10.000000,0.000000,45.209430,46.306554,46.343175,45.246052,0.264870,-0.000001,0.000000,0.000000
3.047000,-0.824546,-10.574517,0.002242,-0.218916,-11.004153,0.000000,0.000000,-5.000000,0.000000,45.319295,46.166171,46.233310,45.386435,0.264870,-0.000012,0.000000,0.000000
3.097000,-0.802970,-9.300754,0.002192,-0.008970,-9.535220,0.000000,0.000000,-1.000000,0.000000,45.484092,46.030365,46.066987,45.523766,0.264870,-0.000001,0.000000,0.000000
3.147000,-0.940171,-7.767616,0.002302,-0.002649,-7.705223,0.000000,-3.000000,-3.000000,0.000000,47.066453,45.546654,44.489204,46.002899,0.264870,0.000060,-2.000000,0.000000
3.197000,-1.797330,-7.214245,0.002838,-1.097322,-7.052926,0.000000,-7.000000,-7.000000,0.000000,45.626001,45.531395,45.934234,46.013581,0.264870,0.000096,-6.000000,0.000000
3.247000,-3.206273,-7.520214,0.002651,-2.956992,-7.404365,0.000000,-11.000000,-11.000000,0.000000,46.593423,45.644312,44.950027,45.917449,0.264870,-0.000188,-11.000000,0.000000
3.297000,-5.080842,-8.506843,0.000855,-5.214950,-8.297474,0.000000,-15.000000,-15.000000,0.000000,46.248569,45.488670,45.268940,46.097505,0.264870,-0.000527,-15.000000,0.000000
3.347000,-7.272645,-10.058349,-0.002842,-8.031319,-10.218605,0.000000,-20.000000,-20.000000,0.000000,46.370642,45.673304,45.122454,45.940337,0.264870,-0.000847,-19.000000,0.000000
3.397000,-9.246393,-11.581249,-0.007179,-10.507802,-11.786771,0.000000,-16.000000,-16.000000,0.000000,44.492256,45.905241,47.006943,45.700771,0.264870,-0.000703,-17.000000,0.000000
3.447000,-9.997966,-12.083607,-0.008476,-11.656646,-12.415094,0.000000,-12.000000,-12.000000,0.000000,44.518196,45.822843,47.026780,45.737392,0.264870,-0.000074,-13.000000,0.000000
3.497000,-9.782951,-11.717419,-0.008656,-11.251806,-12.171379,0.000000,-8.000000,-8.000000,0.000000,46.079194,45.677882,45.468833,45.877775,0.264870,-0.000054,-9.000000,0.000000
3.547000,-8.849130,-10.659784,-0.009505,-10.047274,-10.965476,0.000000,-4.000000,-4.000000,0.000000,45.035477,45.951019,46.497292,45.619898,0.264870,-0.000291,-4.000000,0.000000
3.597000,-7.388935,-9.106152,-0.011857,-8.398085,-9.228659,0.000000,0.000000,0.000000,0.000000,45.113298,45.967803,46.398108,45.626001,0.264870,-0.000585,0.000000,0.000000
3.647000,-5.495308,-7.484498,-0.015538,-5.758753,-6.837941,0.000000,5.000000,0.000000,0.000000,45.661097,45.293355,45.839628,46.312657,0.264870,-0.000741,4.000000,0.000000
3.697000,-3.253488,-6.257063,-0.019063,-2.927242,-5.328876,0.000000,9.000000,0.000000,0.000000,46.016632,45.648890,45.487144,45.952544,0.264870,-0.000660,8.000000,0.000000
3.747000,-0.760796,-5.281081,-0.022151,-0.067928,-4.510771,0.000000,13.000000,0.000000,0.000000,45.467308,45.294881,46.041047,46.301976,0.264870,-0.000592,12.000000,0.000000
3.797000,1.946620,-4.469679,-0.024934,3.448182,-3.582873,0.000000,17.000000,0.000000,0.000000,46.219577,46.028840,45.294881,45.561913,0.264870,-0.000539,16.000000,0.000000
3.847000,4.794566,-3.826859,-0.027315,7.059896,-2.786588,0.000000,21.000000,0.000000,0.000000,45.612268,45.626001,45.906767,45.960174,0.264870,-0.000439,21.000000,0.000000
3.897000,7.809975,-3.318386,-0.029304,10.112577,-2.552930,0.000000,25.000000,0.000000,0.000000,45.763333,45.876249,45.761807,45.702296,0.264870,-0.000382,25.000000,0.000000
3.947000,10.993095,-2.866981,-0.031144,13.550466,-1.966394,0.000000,30.000000,0.000000,0.000000,45.603113,45.413901,45.925078,46.163119,0.264870,-0.000347,29.000000,0.000000
3.997000,13.852117,-2.524969,-0.032596,16.556490,-1.506524,0.000000,26.000000,0.000000,0.000000,46.512551,46.369116,45.021744,45.200275,0.264870,-0.000239,27.000000,0.000000
4.047000,15.355597,-2.238180,-0.033303,18.433876,-1.435542,0.000000,22.000000,0.000000,0.000000,46.416419,46.329442,45.128557,45.230793,0.264870,-0.000094,23.000000,0.000000
4.097000,15.752533,-1.991860,-0.033557,18.403534,-1.137155,0.000000,18.000000,0.000000,0.000000,45.745022,45.487144,45.806058,46.066987,0.264870,-0.000019,19.000000,0.000000
4.147000,15.384802,-1.808776,-0.033509,17.393163,-0.894974,0.000000,14.000000,0.000000,0.000000,46.053254,46.155489,45.500877,45.395590,0.264870,0.000027,14.000000,0.000000
4.197000,14.421185,-1.643756,-0.033354,16.163928,-0.734135,0.000000,10.000000,0.000000,0.000000,46.205844,46.056306,45.349813,45.493248,0.264870,0.000040,10.000000,0.000000
4.247000,12.918196,-1.509527,-0.033100,13.793791,-0.765449,0.000000,5.000000,0.000000,0.000000,46.076143,46.013581,45.479515,45.534447,0.264870,0.000052,6.000000,0.000000
4.297000,11.036939,-1.371505,-0.032801,11.119021,-0.656274,0.000000,1.000000,0.000000,0.000000,45.813687,45.622950,45.743496,45.926604,0.264870,0.000064,2.000000,0.000000
4.347000,9.151983,-1.254500,-0.032492,8.761641,-0.509627,0.000000,3.000000,0.000000,0.000000,45.146868,45.133135,46.410315,46.414893,0.264870,0.000052,2.000000,0.000000
4.397000,8.374838,-1.162299,-0.032352,7.829853,-0.522963,0.000000,7.000000,0.000000,0.000000,45.787747,45.801480,45.766384,45.749599,0.264870,0.000019,6.000000,0.000000
4.447000,8.535173,-1.068402,-0.032343,8.132720,-0.457313,0.000000,11.000000,0.000000,0.000000,45.363546,45.496300,46.187533,46.056306,0.264870,-0.000011,11.000000,0.000000
4.497000,9.410325,-0.988352,-0.032414,9.185402,-0.386199,0.000000,15.000000,0.000000,0.000000,45.572595,45.487144,45.978485,46.065461,0.264870,-0.000021,15.000000,0.000000
4.547000,10.864609,-0.913289,-0.032547,10.770040,-0.448135,0.000000,20.000000,0.000000,0.000000,45.491722,45.479515,46.057832,46.074617,0.264870,-0.000032,19.000000,0.000000
4.597000,12.780774,-0.858091,-0.032703,13.005650,-0.261534,0.000000,24.000000,0.000000,0.000000,45.505455,45.484092,46.045624,46.071565,0.264870,-0.000026,23.000000,0.000000
4.647000,15.062352,-0.825313,-0.032787,16.180702,-0.259589,0.000000,28.000000,0.000000,0.000000,45.499351,45.436790,46.051728,46.117342,0.264870,-0.000013,27.000000,0.000000
4.697000,17.459606,-0.765865,-0.032908,18.994216,-0.278512,0.000000,28.000000,0.000000,0.000000,46.181430,46.047150,45.369650,45.506981,0.264870,-0.000035,29.000000,0.000000
4.747000,18.822621,-0.691719,-0.033068,20.553153,-0.484383,0.000000,24.000000,0.000000,0.000000,46.202792,46.208896,45.346761,45.345235,0.264870,-0.000021,24.000000,0.000000
4.797000,19.149107,-0.604801,-0.033134,20.616809,-0.537564,0.000000,20.000000,0.000000,0.000000,46.170748,46.201266,45.381857,45.351339,0.264870,-0.000008,20.000000,0.000000
4.847000,18.683387,-0.517317,-0.033126,19.842929,-0.140152,0.000000,15.000000,0.000000,0.000000,46.248569,46.076143,45.305562,45.474937,0.264870,0.000007,16.000000,0.000000
4.897000,17.540114,-0.483524,-0.033075,18.317586,-0.105266,0.000000,11.000000,0.000000,0.000000,45.934234,45.764858,45.619898,45.786221,0.264870,0.000012,12.000000,0.000000
4.947000,15.922704,-0.463581,-0.033058,16.416413,-0.089039,0.000000,7.000000,0.000000,0.000000,46.247044,46.213474,45.305562,45.337606,0.264870,0.000004,8.000000,0.000000
4.997000,13.857540,-0.477815,-0.033061,13.943892,0.087005,0.000000,3.000000,0.000000,0.000000,45.447471,45.458152,46.103609,46.094453,0.264870,-0.000012,4.000000,0.000000
5.047000,11.535126,-0.473194,-0.033124,10.808441,-0.233180,0.000000,0.000000,1.000000,0.000000,44.765393,46.179904,46.787213,45.374228,0.264870,0.000014,0.000000,0.000000
5.097000,9.474562,0.055655,-0.032269,8.515565,0.549393,0.000000,0.000000,5.000000,0.000000,45.087358,45.690089,46.485084,45.842679,0.264870,0.000313,0.000000,0.000000
5.147000,7.869247,1.195721,-0.030223,6.672682,1.873886,0.000000,0.000000,10.000000,0.000000,45.247578,46.169223,46.337072,45.351339,0.264870,0.000448,0.000000,0.000000
5.197000,6.625293,2.852446,-0.027742,5.330663,3.606174,0.000000,0.000000,14.000000,0.000000,45.281147,46.137179,46.308080,45.378805,0.264870,0.000490,0.000000,0.000000
5.247000,5.649135,4.938115,-0.025225,4.013906,6.220426,0.000000,0.000000,18.000000,0.000000,45.288777,46.053254,46.300450,45.462730,0.264870,0.000487,0.000000,0.000000
5.297000,4.863225,7.328245,-0.022860,3.209930,9.168674,0.000000,0.000000,22.000000,0.000000,46.370642,44.824903,45.215534,46.694133,0.264870,0.000468,0.000000,0.000000
5.347000,4.234540,9.934508,-0.020759,2.792424,12.055046,0.000000,0.000000,26.000000,0.000000,45.490196,46.021210,46.092927,45.500877,0.264870,0.000411,0.000000,0.000000
5.397000,3.694883,12.738175,-0.018831,2.323500,15.173947,0.000000,0.000000,30.000000,0.000000,45.452049,46.031891,46.128023,45.493248,0.264870,0.000374,0.000000,0.000000
5.447000,3.228056,15.001476,-0.017278,2.119228,18.354624,0.000000,0.000000,25.000000,0.000000,46.678874,44.965286,44.893568,46.569009,0.264870,0.000231,0.000000,0.000000
5.497000,2.799463,16.021651,-0.016544,2.046908,19.171962,0.000000,0.000000,21.000000,0.000000,46.414893,45.075151,45.145342,46.469825,0.264870,0.000093,0.000000,0.000000
5.547000,2.415388,16.126665,-0.016361,1.749426,18.995115,0.000000,0.000000,17.000000,0.000000,46.379797,45.218585,45.174334,46.334020,0.264870,0.000006,0.000000,0.000000
5.597000,2.068745,15.509549,-0.016532,1.481003,18.038237,0.000000,0.000000,13.000000,0.000000,45.603113,46.016632,45.944915,45.539025,0.264870,-0.000057,0.000000,0.000000
5.647000,1.767930,14.329245,-0.016914,1.281436,16.182604,0.000000,0.000000,9.000000,0.000000,46.269932,45.300984,45.276570,46.257725,0.264870,-0.000095,0.000000,0.000000
5.697000,1.530750,12.713683,-0.017390,0.720971,14.098847,0.000000,0.000000,5.000000,0.000000,45.792325,45.587854,45.754177,45.970855,0.264870,-0.000091,0.000000,0.000000
5.747000,1.374420,10.746527,-0.017802,0.683168,11.553903,0.000000,0.000000,0.000000,0.000000,46.092927,45.432212,45.453574,46.126497,0.264870,-0.000081,0.000000,0.000000
5.797000,1.221110,8.919781,-0.018165,0.822358,9.201190,0.000000,0.000000,4.000000,0.000000,44.948501,46.668193,46.599527,44.888991,0.264870,-0.000067,0.000000,0.000000
5.847000,1.085181,8.243148,-0.018358,0.583331,8.287172,0.000000,0.000000,8.000000,0.000000,44.986648,46.474403,46.564431,45.081254,0.264870,-0.000017,0.000000,0.000000
5.897000,0.979193,8.459364,-0.018380,0.480793,8.643864,0.000000,0.000000,12.000000,0.000000,46.018158,45.545129,45.535973,46.007477,0.264870,0.000009,0.000000,0.000000
5.947000,0.904419,9.362686,-0.018299,0.179804,9.701525,0.000000,0.000000,16.000000,0.000000,45.291829,46.237888,46.262303,45.313191,0.264870,0.000019,0.000000,0.000000
5.997000,0.868300,10.776613,-0.018220,0.150914,11.590415,0.000000,0.000000,20.000000,0.000000,45.339132,46.149386,46.215000,45.403220,0.264870,0.000015,0.000000,0.000000
6.047000,0.852620,12.616599,-0.018186,-0.062507,14.045623,0.000000,0.000000,25.000000,0.000000,45.456626,46.215000,46.095979,45.337606,0.264870,-0.000005,0.000000,0.000000
6.097000,0.828776,14.783864,-0.018153,0.152688,16.860979,0.000000,0.000000,29.000000,0.000000,45.716030,45.810636,45.836576,45.740444,0.264870,0.000025,0.000000,0.000000
6.147000,0.796746,16.968020,-0.018056,0.074247,19.232503,0.000000,0.000000,27.000000,0.000000,46.726177,44.866102,44.826429,46.684977,0.264870,0.000015,0.000000,0.000000
6.197000,0.743395,18.083961,-0.017981,0.433809,20.401659,0.000000,0.000000,23.000000,0.000000,45.879301,45.702296,45.674830,45.850309,0.264870,0.000014,0.000000,0.000000
6.247000,0.677808,18.258594,-0.017940,-0.085737,20.414412,0.000000,0.000000,19.000000,0.000000,46.332494,45.133135,45.220111,46.417945,0.264870,0.000001,0.000000,0.000000
6.297000,0.673499,17.687377,-0.017946,0.035274,19.819678,0.000000,0.000000,15.000000,0.000000,46.201266,45.329976,45.351339,46.222629,0.264870,-0.000003,0.000000,0.000000
6.347000,0.645706,16.499200,-0.017979,0.175488,17.991343,0.000000,0.000000,10.000000,0.000000,46.181430,45.363546,45.371176,46.190585,0.264870,-0.000011,0.000000,0.000000
6.397000,0.588552,14.887737,-0.018082,0.361895,15.835404,0.000000,0.000000,6.000000,0.000000,46.190585,45.484092,45.360494,46.070039,0.264870,-0.000024,0.000000,0.000000
6.447000,0.510142,12.906593,-0.018257,0.258750,12.907086,0.000000,0.000000,2.000000,0.000000,46.158541,45.470359,45.391012,46.085298,0.264870,-0.000030,0.000000,0.000000
6.497000,0.522655,10.758935,-0.018344,0.284136,10.520631,0.000000,2.000000,2.000000,0.000000,45.432212,46.211948,46.121920,45.340658,0.264870,0.000026,1.000000,0.000000
6.547000,1.165645,9.521402,-0.017692,0.960670,9.116527,0.000000,6.000000,6.000000,0.000000,44.736400,46.010529,46.828412,45.529870,0.264870,0.000182,6.000000,0.000000
6.597000,2.435205,9.259097,-0.017073,2.491265,8.894698,0.000000,10.000000,10.000000,0.000000,44.902724,46.063935,46.654459,45.482567,0.264870,0.000060,10.000000,0.000000
6.647000,4.202401,9.789470,-0.017760,4.925617,9.662442,0.000000,15.000000,15.000000,0.000000,44.997330,45.973907,46.538491,45.595483,0.264870,-0.000289,14.000000,0.000000
6.697000,6.339497,10.942397,-0.020266,7.391806,10.873059,0.000000,19.000000,19.000000,0.000000,45.316243,46.213474,46.193637,45.381857,0.264870,-0.000635,18.000000,0.000000
6.747000,8.780811,12.624673,-0.024794,10.083883,12.893448,0.000000,23.000000,23.000000,0.000000,44.838636,45.940337,46.637675,45.687037,0.264870,-0.001032,22.000000,0.000000
6.796000,11.461426,14.676856,-0.030991,13.064302,15.107276,0.000000,27.000000,27.000000,0.000000,45.210956,45.922026,46.237888,45.734340,0.264870,-0.001440,27.000000,0.000000
6.846000,14.319927,17.015672,-0.039089,16.836414,18.448957,0.000000,29.000000,29.000000,0.000000,48.226139,45.627527,43.201343,46.050202,0.264870,-0.001717,29.000000,0.000000
6.895000,16.229300,18.573298,-0.044616,18.990969,20.039690,0.000000,25.000000,25.000000,0.000000,47.136645,45.600061,44.359503,46.010529,0.264870,-0.000696,25.000000,0.000000
6.945000,16.958636,19.112005,-0.045956,19.884258,20.495372,0.000000,20.000000,20.000000,0.000000,46.890974,45.598535,44.654002,45.961700,0.264870,-0.000099,21.000000,0.000000
6.995000,16.781056,18.811831,-0.046110,19.217762,20.091533,0.000000,16.000000,16.000000,0.000000,46.775006,45.696193,44.776074,45.857939,0.264870,-0.000032,17.000000,0.000000
7.045000,15.891171,17.829939,-0.046886,17.994376,18.455611,0.000000,12.000000,12.000000,0.000000,44.991226,45.865568,46.541543,45.705348,0.264870,-0.000292,13.000000,0.000000
7.095000,14.469854,16.391794,-0.048971,16.062886,16.671296,0.000000,8.000000,8.000000,0.000000,46.488136,45.709926,45.026322,45.880827,0.264870,-0.000569,8.000000,0.000000
7.145000,12.640909,14.554290,-0.052680,13.865417,14.394899,0.000000,4.000000,4.000000,0.000000,46.337072,45.662623,45.156023,45.951019,0.264870,-0.000858,4.000000,0.000000
7.195000,10.471734,12.369533,-0.058074,11.156229,11.820065,0.000000,0.000000,0.000000,0.000000,46.248569,45.780117,45.221637,45.856413,0.264870,-0.001155,0.000000,0.000000
7.245000,8.035261,10.274505,-0.064396,7.937986,9.170361,0.000000,-5.000000,0.000000,0.000000,45.351339,46.306554,46.112764,45.334554,0.264870,-0.001224,-4.000000,0.000000
7.295000,5.353150,8.619171,-0.070157,4.560031,7.320825,0.000000,-9.000000,0.000000,0.000000,45.941863,46.216526,45.531395,45.415427,0.264870,-0.001061,-8.000000,0.000000
7.345000,2.527413,7.315378,-0.074935,1.398779,5.739028,0.000000,-13.000000,0.000000,0.000000,45.262837,45.726711,46.224155,45.889982,0.264870,-0.000899,-12.000000,0.000000
7.395000,-0.492746,6.267749,-0.078982,-1.791702,4.762182,0.000000,-17.000000,0.000000,0.000000,45.839628,45.989166,45.656519,45.619898,0.264870,-0.000778,-17.000000,0.000000
7.445000,-3.588703,5.397345,-0.082480,-5.977279,3.935215,0.000000,-21.000000,0.000000,0.000000,45.444419,45.900664,46.060883,45.700771,0.264870,-0.000661,-21.000000,0.000000
7.495000,-6.803110,4.661879,-0.085521,-9.371279,3.340149,0.000000,-25.000000,0.000000,0.000000,45.873198,46.149386,45.638209,45.444419,0.264870,-0.000580,-25.000000,0.000000
7.545000,-10.121886,4.055715,-0.088152,-13.293055,2.731454,0.000000,-30.000000,0.000000,0.000000,45.876249,45.938811,45.642786,45.647364,0.264870,-0.000474,-29.000000,0.000000
7.595000,-13.518559,3.566760,-0.090319,-16.744712,2.257311,0.000000,-34.000000,0.000000,0.000000,46.033417,46.037995,45.490196,45.543603,0.264870,-0.000401,-33.000000,0.000000
7.645000,-17.011885,3.156369,-0.092148,-21.035436,1.645802,0.000000,-38.000000,0.000000,0.000000,44.960708,45.207904,46.565957,46.370642,0.264870,-0.000348,-37.000000,0.000000
7.695000,-20.377653,2.848975,-0.093582,-24.655592,1.480367,0.000000,-38.000000,0.000000,0.000000,45.224689,45.195697,46.309606,46.375219,0.264870,-0.000254,-38.000000,0.000000
7.744000,-22.548693,2.572370,-0.094500,-26.601785,1.272348,0.000000,-34.000000,0.000000,0.000000,45.271992,45.307088,46.269932,46.256199,0.264870,-0.000139,-34.000000,0.000000
7.794000,-23.593434,2.329295,-0.094916,-27.547965,1.314647,0.000000,-30.000000,0.000000,0.000000,45.349813,45.261311,46.198215,46.295872,0.264870,-0.000052,-30.000000,0.000000
7.844000,-23.677177,2.094523,-0.095004,-27.426486,1.181734,0.000000,-25.000000,0.000000,0.000000,45.371176,45.328450,46.181430,46.224155,0.264870,-0.000000,-26.000000,0.000000
7.894000,-23.035764,1.893310,-0.094888,-25.896359,0.752449,0.000000,-21.000000,0.000000,0.000000,45.481041,45.464256,46.074617,46.085298,0.264870,0.000029,-22.000000,0.000000
7.944000,-21.868582,1.740246,-0.094689,-23.872550,0.800814,0.000000,-17.000000,0.000000,0.000000,45.970855,46.018158,45.584802,45.531395,0.264870,0.000047,-18.000000,0.000000
7.994000,-20.285137,1.579314,-0.094398,-21.995469,0.834492,0.000000,-13.000000,0.000000,0.000000,45.485618,45.485618,46.071565,46.062409,0.264870,0.000065,-13.000000,0.000000
8.044000,-18.296498,1.431273,-0.094005,-19.657901,0.592172,0.000000,-9.000000,0.000000,0.000000,45.484092,45.616846,46.074617,45.929656,0.264870,0.000080,-9.000000,0.000000
8.094000,-15.997269,1.328266,-0.093685,-16.426189,0.342704,0.000000,-5.000000,0.000000,0.000000,45.793851,45.902190,45.763333,45.645838,0.264870,0.000062,-5.000000,0.000000
8.144000,-13.448100,1.271517,-0.093458,-13.428173,0.087255,0.000000,0.000000,0.000000,0.000000,45.564965,45.590906,45.990692,45.958648,0.264870,0.000033,-1.000000,0.000000
8.194000,-11.216083,1.250532,-0.093360,-10.600561,0.161508,0.000000,-4.000000,0.000000,0.000000,46.561379,46.416419,44.992752,45.134661,0.264870,0.000016,-3.000000,0.000000
8.244000,-10.297691,1.180476,-0.093322,-9.420315,0.482653,0.000000,-8.000000,0.000000,0.000000,45.853361,45.729763,45.699245,45.822843,0.264870,0.000007,-7.000000,0.000000
8.294000,-10.333507,1.086303,-0.093289,-9.448079,0.335743,0.000000,-12.000000,0.000000,0.000000,46.048676,46.240940,45.503929,45.311666,0.264870,-0.000003,-12.000000,0.000000
8.344000,-11.127414,1.010160,-0.093344,-10.522465,0.449959,0.000000,-16.000000,0.000000,0.000000,46.207370,46.150912,45.345235,45.403220,0.264870,-0.000019,-16.000000,0.000000
8.394000,-12.505242,0.940545,-0.093449,-12.253944,0.389351,0.000000,-20.000000,0.000000,0.000000,46.115816,46.056306,45.435264,45.497826,0.264870,-0.000021,-20.000000,0.000000
8.444000,-14.337537,0.876046,-0.093580,-14.348800,0.214998,0.000000,-25.000000,0.000000,0.000000,45.958648,46.103609,45.592432,45.450523,0.264870,-0.000025,-24.000000,0.000000
8.494000,-16.555583,0.843396,-0.093695,-17.463471,0.252204,0.000000,-29.000000,0.000000,0.000000,45.854887,45.767910,45.696193,45.786221,0.264870,-0.000019,-28.000000,0.000000
8.544000,-19.017641,0.805758,-0.093806,-20.213871,0.253922,0.000000,-33.000000,0.000000,0.000000,45.650416,45.491722,45.900664,46.062409,0.264870,-0.000022,-32.000000,0.000000
8.594000,-21.708356,0.765018,-0.093945,-23.465929,0.087224,0.000000,-37.000000,0.000000,0.000000,45.915923,46.044099,45.635157,45.510033,0.264870,-0.000023,-37.000000,0.000000
8.644000,-24.501066,0.731110,-0.094054,-26.569328,0.029837,0.000000,-39.000000,0.000000,0.000000,44.998856,45.091936,46.552224,46.463722,0.264870,-0.000025,-39.000000,0.000000
8.694000,-26.435319,0.716227,-0.094122,-29.001574,-0.001095,0.000000,-35.000000,0.000000,0.000000,45.166705,45.185016,46.385901,46.367590,0.264870,-0.000007,-35.000000,0.000000
8.745000,-27.172654,0.695412,-0.094129,-29.895607,0.277658,0.000000,-30.000000,0.000000,0.000000,45.363546,45.281147,46.189059,46.271458,0.264870,-0.000002,-31.000000,0.000000
8.794000,-26.969415,0.612422,-0.094117,-29.361832,0.548349,0.000000,-26.000000,0.000000,0.000000,45.207904,45.310140,46.344701,46.242466,0.264870,0.000005,-27.000000,0.000000
8.843000,-26.095048,0.525286,-0.094033,-27.709639,0.291043,0.000000,-22.000000,0.000000,0.000000,45.912871,45.908293,45.641260,45.642786,0.264870,0.000020,-23.000000,0.000000
8.893000,-24.702985,0.461053,-0.093937,-25.747019,0.390770,0.000000,-18.000000,0.000000,0.000000,45.560388,45.612268,45.993744,45.938811,0.264870,0.000021,-18.000000,0.000000
8.943000,-22.925657,0.395557,-0.093801,-23.492415,0.137619,0.000000,-14.000000,0.000000,0.000000,45.400168,45.566491,46.153964,45.984588,0.264870,0.000029,-14.000000,0.000000
8.993000,-20.777927,0.346122,-0.093683,-21.243326,0.112412,0.000000,-9.000000,0.000000,0.000000,45.447471,45.572595,46.106661,45.978485,0.264870,0.000030,-10.000000,0.000000
9.043000,-18.304570,0.319983,-0.093586,-17.830224,0.088387,0.000000,-5.000000,0.000000,0.000000,45.571069,45.604639,45.983062,45.946441,0.264870,0.000015,-6.000000,0.000000
9.093000,-15.604633,0.312778,-0.093538,-14.851362,-0.076134,0.000000,-1.000000,0.000000,0.000000,45.741970,45.728237,45.810636,45.822843,0.264870,0.000002,-2.000000,0.000000
9.143000,-12.903899,0.160400,-0.093320,-11.432509,-0.206128,0.000000,0.000000,-3.000000,0.000000,45.870146,45.943389,45.691615,45.601587,0.264870,0.000135,0.000000,0.000000
9.193000,-10.781017,-0.662601,-0.091719,-9.045994,-0.787669,0.000000,0.000000,-7.000000,0.000000,46.480507,45.464256,45.102617,46.057832,0.264870,0.000435,0.000000,0.000000
9.243000,-9.117533,-2.060362,-0.089022,-7.016029,-2.891043,0.000000,0.000000,-11.000000,0.000000,46.337072,45.421530,45.255207,46.089876,0.264870,0.000587,0.000000,0.000000
9.293000,-7.783157,-3.866992,-0.086047,-5.507734,-5.131852,0.000000,0.000000,-16.000000,0.000000,46.326390,45.848783,45.268940,45.661097,0.264870,0.000591,0.000000,0.000000
9.343000,-6.737631,-6.029697,-0.083193,-4.533028,-7.523968,0.000000,0.000000,-20.000000,0.000000,46.280613,45.342184,45.311666,46.170748,0.264870,0.000542,0.000000,0.000000
9.393000,-5.895963,-8.518142,-0.080532,-3.553329,-10.133310,0.000000,0.000000,-24.000000,0.000000,46.314183,45.462730,45.275044,46.053254,0.264870,0.000513,0.000000,0.000000
9.443000,-5.221074,-11.263091,-0.078179,-3.193485,-13.704154,0.000000,0.000000,-28.000000,0.000000,45.421530,46.160067,46.163119,45.358968,0.264870,0.000457,0.000000,0.000000
9.493000,-4.632702,-14.191806,-0.075999,-2.332998,-16.776133,0.000000,0.000000,-32.000000,0.000000,45.813687,45.960174,45.769436,45.561913,0.264870,0.000421,0.000000,0.000000
9.543000,-4.164926,-17.226604,-0.074152,-1.964035,-20.398370,0.000000,0.000000,-36.000000,0.000000,46.160067,45.447471,45.418479,46.080720,0.264870,0.000347,0.000000,0.000000
9.593000,-3.780323,-20.382906,-0.072605,-1.742630,-23.595390,0.000000,0.000000,-39.000000,0.000000,46.044099,45.581750,45.529870,45.949493,0.264870,0.000296,0.000000,0.000000
9.643000,-3.430355,-22.900185,-0.071340,-1.749979,-26.837172,0.000000,0.000000,-35.000000,0.000000,44.989700,46.562905,46.579690,44.972915,0.264870,0.000197,0.000000,0.000000
9.693000,-3.087720,-24.165860,-0.070652,-1.590832,-28.005091,0.000000,0.000000,-31.000000,0.000000,44.808118,46.684977,46.752117,44.859998,0.264870,0.000096,0.000000,0.000000
9.743000,-2.761123,-24.473411,-0.070413,-1.386843,-27.773228,0.000000,0.000000,-27.000000,0.000000,45.915923,45.731289,45.638209,45.819791,0.264870,0.000017,0.000000,0.000000
9.793000,-2.498513,-24.064203,-0.070480,-1.229864,-27.095598,0.000000,0.000000,-23.000000,0.000000,45.204852,46.314183,46.344701,45.241474,0.264870,-0.000030,0.000000,0.000000
9.843000,-2.258135,-23.061017,-0.070725,-1.194528,-25.095680,0.000000,0.000000,-19.000000,0.000000,45.325399,46.202792,46.224155,45.354391,0.264870,-0.000063,0.000000,0.000000
9.893000,-2.022116,-21.624550,-0.071115,-1.131813,-23.067678,0.000000,0.000000,-14.000000,0.000000,45.645838,46.022736,45.900664,45.535973,0.264870,-0.000089,0.000000,0.000000
9.943000,-1.791330,-19.796316,-0.071590,-1.373493,-20.961500,0.000000,0.000000,-10.000000,0.000000,45.409323,46.137179,46.135653,45.423056,0.264870,-0.000108,0.000000,0.000000
9.993000,-1.538206,-17.612339,-0.072232,-1.115050,-18.389105,0.000000,0.000000,-6.000000,0.000000,45.386435,46.314183,46.157015,45.247578,0.264870,-0.000131,0.000000,0.000000
10.043000,-1.352654,-15.149684,-0.072831,-0.734459,-15.091062,0.000000,0.000000,-2.000000,0.000000,46.143282,45.506981,45.401694,46.053254,0.264870,-0.000109,0.000000,0.000000
10.093000,-1.202391,-12.638113,-0.073340,-0.610205,-12.282429,0.000000,0.000000,-2.000000,0.000000,46.977951,44.628061,44.567025,46.932174,0.264870,-0.000097,0.000000,0.000000
10.143000,-1.107749,-11.108665,-0.073603,-0.426705,-10.525058,0.000000,0.000000,-6.000000,0.000000,46.572061,45.040055,44.979019,46.514076,0.264870,-0.000031,0.000000,0.000000
10.193000,-1.007901,-10.664717,-0.073693,-0.718600,-9.801851,0.000000,0.000000,-11.000000,0.000000,46.334020,45.210956,45.218585,46.343175,0.264870,-0.000009,0.000000,0.000000
10.243000,-0.911005,-11.083337,-0.073684,-0.400776,-10.611622,0.000000,0.000000,-15.000000,0.000000,46.242466,45.328450,45.310140,46.224155,0.264870,0.000006,0.000000,0.000000
10.293000,-0.842810,-12.110388,-0.073618,-0.209522,-11.946439,0.000000,0.000000,-19.000000,0.000000,46.295872,45.342184,45.259785,46.208896,0.264870,0.000017,0.000000,0.000000
10.343000,-0.785450,-13.659648,-0.073519,-0.323060,-13.786235,0.000000,0.000000,-23.000000,0.000000,45.555810,46.088350,45.998322,45.461204,0.264870,0.000028,0.000000,0.000000
10.393000,-0.717883,-15.604246,-0.073390,-0.535390,-16.032075,0.000000,0.000000,-27.000000,0.000000,46.123445,45.302510,45.430686,46.248569,0.264870,0.000027,0.000000,0.000000
10.443000,-0.609156,-17.866112,-0.073134,-0.540383,-18.792842,0.000000,0.000000,-31.000000,0.000000,46.108186,45.374228,45.448997,46.173800,0.264870,0.000065,0.000000,0.000000
10.493000,-0.525190,-20.434669,-0.072857,-0.396957,-21.788170,0.000000,0.000000,-36.000000,0.000000,45.694667,45.741970,45.860990,45.807584,0.264870,0.000044,0.000000,0.000000
10.543000,-0.424635,-23.191203,-0.072549,-0.709185,-25.017979,0.000000,0.000000,-40.000000,0.000000,46.079194,45.395590,45.477989,46.152438,0.264870,0.000074,0.000000,0.000000
10.593000,-0.282060,-25.592638,-0.072114,-0.577844,-27.858140,0.000000,0.000000,-36.000000,0.000000,44.922560,46.594949,46.636149,44.951553,0.264870,0.000084,0.000000,0.000000
10.643000,-0.209613,-26.779918,-0.071908,-0.394147,-29.173665,0.000000,0.000000,-32.000000,0.000000,45.621424,45.796902,45.932708,45.754177,0.264870,0.000018,0.000000,0.000000
10.693000,-0.166209,-27.017227,-0.071861,0.074441,-29.133798,0.000000,0.000000,-28.000000,0.000000,45.320821,46.353857,46.233310,45.197223,0.264870,-0.000001,0.000000,0.000000
10.743000,-0.151976,-26.531096,-0.071867,-0.271780,-28.395109,0.000000,0.000000,-24.000000,0.000000,45.188067,46.346227,46.364538,45.206378,0.264870,-0.000004,0.000000,0.000000
10.793000,-0.110141,-25.411522,-0.071917,-0.272013,-27.177704,0.000000,0.000000,-19.000000,0.000000,45.262837,46.301976,46.288243,45.252155,0.264870,-0.000012,0.000000,0.000000
10.841000,-0.019600,-23.862161,-0.072026,-0.715397,-25.093398,0.000000,0.000000,-15.000000,0.000000,45.278096,46.266880,46.271458,45.287251,0.264870,-0.000038,0.000000,0.000000
10.890000,0.079115,-21.863261,-0.072280,-0.482856,-22.532310,0.000000,0.000000,-11.000000,0.000000,45.793851,45.804532,45.754177,45.751125,0.264870,-0.000045,0.000000,0.000000
10.940000,0.135122,-19.547543,-0.072474,-0.001928,-19.443222,0.000000,0.000000,-7.000000,0.000000,46.114290,45.470359,45.436790,46.085298,0.264870,-0.000024,0.000000,0.000000
10.990000,0.143805,-17.060455,-0.072510,-0.052467,-16.328321,0.000000,0.000000,-3.000000,0.000000,45.488670,45.996796,46.063935,45.555810,0.264870,-0.000004,0.000000,0.000000
11.040000,0.110393,-14.437784,-0.072491,0.141371,-13.355338,0.000000,-1.000000,-1.000000,0.000000,47.289235,45.371176,44.263371,46.181430,0.264870,0.000005,-1.000000,0.000000
11.090000,-0.474110,-12.627168,-0.071591,-0.459485,-10.855553,0.000000,-6.000000,-6.000000,0.000000,47.049668,45.171283,44.519722,46.364538,0.264870,0.000265,-5.000000,0.000000
11.139000,-1.708443,-11.960436,-0.070408,-1.877029,-10.168482,0.000000,-10.000000,-10.000000,0.000000,46.704814,45.523766,44.863050,46.013581,0.264870,0.000180,-9.000000,0.000000
11.189000,-3.481038,-12.171104,-0.070420,-4.166134,-10.493705,0.000000,-14.000000,-14.000000,0.000000,46.784161,45.545129,44.760815,46.015106,0.264870,-0.000123,-13.000000,0.000000
11.239000,-5.608142,-13.081486,-0.072212,-6.648193,-11.577157,0.000000,-18.000000,-18.000000,0.000000,45.326925,45.734340,46.189059,45.853361,0.264870,-0.000512,-17.000000,0.000000
11.289000,-8.063620,-14.534602,-0.075934,-9.761834,-13.476989,0.000000,-22.000000,-22.000000,0.000000,46.353857,45.711452,45.133135,45.906767,0.264870,-0.000991,-22.000000,0.000000
11.339000,-10.737705,-16.375667,-0.081572,-12.697568,-15.837550,0.000000,-26.000000,-26.000000,0.000000,45.862516,45.656519,45.601587,45.986114,0.264870,-0.001288,-26.000000,0.000000
11.389000,-13.622129,-18.564696,-0.088926,-15.844166,-18.154173,0.000000,-31.000000,-31.000000,0.000000,46.179904,45.813687,45.259785,45.851835,0.264870,-0.001567,-30.000000,0.000000
11.439000,-16.674326,-21.042211,-0.097910,-19.486458,-21.228888,0.000000,-35.000000,-35.000000,0.000000,46.233310,45.697719,45.188067,45.986114,0.264870,-0.001813,-34.000000,0.000000
11.489000,-19.827919,-23.753235,-0.108046,-23.540890,-24.486420,0.000000,-39.000000,-39.000000,0.000000,46.309606,45.815213,45.088884,45.891508,0.264870,-0.002121,-38.000000,0.000000
11.539000,-22.746494,-26.358083,-0.118346,-26.514332,-27.286969,0.000000,-37.000000,-37.000000,0.000000,44.805066,46.007477,46.611734,45.680934,0.264870,-0.001723,-38.000000,0.000000
11.589000,-24.374517,-27.847145,-0.123267,-28.547463,-28.310963,0.000000,-33.000000,-33.000000,0.000000,44.606699,45.925078,46.901656,45.671778,0.264870,-0.000541,-33.000000,0.000000
11.639000,-24.896367,-28.393280,-0.124288,-28.890939,-28.678667,0.000000,-29.000000,-29.000000,0.000000,44.673838,45.894560,46.871138,45.664149,0.264870,-0.000081,-29.000000,0.000000
11.689000,-24.573080,-28.140625,-0.124404,-28.466762,-27.760218,0.000000,-24.000000,-24.000000,0.000000,44.776074,45.925078,46.775006,45.629053,0.264870,-0.000047,-25.000000,0.000000
11.739000,-23.516714,-27.285886,-0.125207,-26.892944,-26.478319,0.000000,-20.000000,-20.000000,0.000000,45.410849,45.981537,46.126497,45.586328,0.264870,-0.000249,-21.000000,0.000000
11.789000,-21.963727,-25.880415,-0.127456,-24.885951,-24.869235,0.000000,-16.000000,-16.000000,0.000000,44.875257,45.970855,46.636149,45.621424,0.264870,-0.000569,-17.000000,0.000000
11.838000,-20.052671,-24.084266,-0.131246,-22.603608,-22.606637,0.000000,-12.000000,-12.000000,0.000000,46.221103,45.845731,45.267414,45.770962,0.264870,-0.000906,-13.000000,0.000000
11.888000,-17.762937,-21.925120,-0.136769,-19.434500,-19.522798,0.000000,-8.000000,-8.000000,0.000000,45.183490,45.897612,46.280613,45.743496,0.264870,-0.001313,-8.000000,0.000000
11.938000,-15.258130,-19.544824,-0.143819,-16.533643,-16.633228,0.000000,-4.000000,-4.000000,0.000000,45.781643,45.888457,45.662623,45.772488,0.264870,-0.001537,-4.000000,0.000000
